<?xml version="1.0"?>
<data grt_format="2.0">
  <value _ptr_="0000022C28ED28B0" type="list" content-type="object" content-struct-name="db.mgmt.Connection">
    <value type="object" struct-name="db.mgmt.Connection" id="{E1F045F5-AC7E-42C3-9AF6-1A944E190ABE}" struct-checksum="0x96ba47d8">
      <link type="object" struct-name="db.mgmt.Driver" key="driver">com.mysql.rdbms.mysql.driver.native</link>
      <value type="string" key="hostIdentifier">Mysql@127.0.0.1:3306</value>
      <value type="int" key="isDefault">1</value>
      <value _ptr_="0000022C2C3AE330" type="dict" key="modules"/>
      <value _ptr_="0000022C2C3AF890" type="dict" key="parameterValues">
        <value type="string" key=""></value>
        <value type="string" key="SQL_MODE"></value>
        <value type="string" key="hostName">127.0.0.1</value>
        <value type="int" key="lastConnected">1727182170</value>
        <value type="string" key="password"></value>
        <value type="int" key="port">3306</value>
        <value type="string" key="schema">products</value>
        <value type="string" key="serverVersion">9.0.1</value>
        <value type="string" key="sslCA"></value>
        <value type="string" key="sslCert"></value>
        <value type="string" key="sslCipher"></value>
        <value type="string" key="sslKey"></value>
        <value type="int" key="useSSL">1</value>
        <value type="string" key="userName">root</value>
      </value>
      <value type="string" key="name">Docker Instance</value>
    </value>
  </value>
</data>
