<?xml version="1.0"?>
<data grt_format="2.0">
  <value _ptr_="0000022C28ED1570" type="list" content-type="object" content-struct-name="db.mgmt.ServerInstance">
    <value type="object" struct-name="db.mgmt.ServerInstance" id="{28E8B4A9-8208-4BF7-B8BE-E3FF49DFB09F}" struct-checksum="0x367436e2">
      <link type="object" struct-name="db.mgmt.Connection" key="connection">{E1F045F5-AC7E-42C3-9AF6-1A944E190ABE}</link>
      <value _ptr_="0000022C2CAB4890" type="dict" key="loginInfo">
        <value type="string" key="ssh.hostName"></value>
        <value type="string" key="ssh.key">C:\Users\harpe\AppData\Roaming/.ssh/ssh_private_key</value>
        <value type="string" key="ssh.localPort">3306</value>
        <value type="int" key="ssh.useKey">0</value>
        <value type="string" key="ssh.userName">mysql</value>
      </value>
      <value _ptr_="0000022C2CAB4950" type="dict" key="serverInfo">
        <value type="string" key="basedir">/usr/</value>
        <value type="string" key="datadir">/var/lib/mysql/</value>
        <value type="string" key="detected_os_name">Windows 10 Home</value>
        <value type="string" key="detected_os_type">windows</value>
        <value type="string" key="detected_os_variant">Windows</value>
        <value type="string" key="detected_os_version">Microsoft Windows [Version 10.0.22631.4169]</value>
        <value type="string" key="errorLogFilePath">stderr</value>
        <value type="string" key="generalLogFilePath">\var\lib\mysql\65ebd6a826ac.log</value>
        <value type="string" key="serverVersion">9.0.1</value>
        <value type="int" key="setupPending">0</value>
        <value type="string" key="slowLogFilePath">\var\lib\mysql\65ebd6a826ac-slow.log</value>
        <value type="string" key="sys.mysqld.service_name">MySQL</value>
        <value type="string" key="sys.sudo"></value>
        <value type="int" key="sys.usesudo">1</value>
        <value type="int" key="sys.usesudostatus">0</value>
        <value type="int" key="windowsAdmin">1</value>
      </value>
      <value type="string" key="name">Docker Instance</value>
      <link type="object" struct-name="GrtObject" key="owner">{DD776CB1-7388-45EE-8548-A192458988D1}</link>
    </value>
  </value>
</data>
